"tweet_id","text","label"
"1238600642136100864","The shelves in Walmart are empty. Water, disinfectant and toilet paper are gone. #CoronaOutbreak  #Baltimore HTTPURL","0"
"1237069037957505027","Hand disinfectant ready for lessons in Donabate today #COVID2019 #coronavirus #WashYourHands HTTPURL","0"
"1291777015352365056","She had the infant in a carrier that was covered FYI #coronavirus","0"
"1276057360281202688","@USER I think so:grinning_face_with_sweat:. Just kidding. Summertime I use soups like mushroom soup with noodles and beef but if I'm having soup I let it cool first. If I were to get #Covid_19 I would eat and drink hot","1"
"1251302108885852160","Sunlight destroys #CoronaChan #ChinaFlu #WuhanCoronaVirus 

HTTPURL","1"
"1225902057426694145","CleanSmart Disinfectant Spray Mist Kills 99.9% of Viruses, Bacteria, Germs, Mold, Fungus. 2-16oz. HTTPURL  #ad #coronavirus #coronaoutbreak #wuhanflu #chinaflu #flu #corona #virus #CoronavirusOutbreak #coronaviruswuhan","0"
"1224724294908944386","PURELL Multi-Surface Disinfectant Spray by Purell for $18.61 HTTPURL  @USER #ad #coronavirus #coronaoutbreak #wuhanflu #chinaflu #flu #corona #virus #CoV2019 #CoronavirusOutbreak #coronaviruswuhan #coronaviruse #coronarivirus #outbreak #beprepared","0"
"1233987861189472256","Clorox Saalfeld 30824 Healthcare Hydrogen Peroxide Cleaner Disinfectant Wipes (Pack of 570) HTTPURL ad #coronavirus #coronaoutbreak #corona #virus #CoronavirusOutbreak #coronaviruswuhan #COVID2019 #wuhanvirus #CoronavirusUSA #pandemic #COVIDー19 #nCoV19 #COVID19US","0"
"1244914545287626752","MAKE #PRAYERS TO GOD (ELOHIM) AGAINST 

#COVID2019 #COVID19 #COVID_19NEWS #COVID19france #Covid_19 #covid19UK #COVID2019de #COVIDー19 #COVID2019france #COVID19dz #COVID19fr #COVID19italia #COVID19BE #COVID #COVID19KE #Covid_19fr 

MORE PRAYERS LESS CONTAMINATIONS.","0"
"1297218350037245954","@USER more evidence that kids do not play a part in transmission of #COVID19 HTTPURL","0"
"1266524081840697346","Venrap Radio Now Playing Venrap Radio HTTPURL by #coronavirus is real stay home and listen to the number one hip hop Radio click here HTTPURL Download our app or listen on HTTPURL","0"
"1237765206396280836",".@USER is now limiting the number of hand sanitizers and disinfectant wipes per customer. HTTPURL #Target #Coronavirus #CoronavirusOutbreak #coronavirusprevention #COVID19","0"
"1282469691693436928","#BreakingNews question? #Covid creates #AsthmaLikeSymptoms and inflammation in the lungs..Why aren't we treating these symptoms and reducing inflammation ? Why aren't we using existing medication like #Albuterol &amp; antibiotics? #DemocratsDontWantCovidCute","0"
"1255049981951606784","I am bored in the :house: #COVID19italia #Covid19usa #Covid_19","0"
"1230707588381044739","Just saw this on Amazon: Professional Lysol Disinfectant Spray, Crisp Linen, 228oz (12X19oz) HTTPURL #ad #coronavirus #coronaoutbreak #wuhanflu #chinaflu #flu #virus #CoronavirusOutbreak #coronaviruswuhan #2019nCoV #COVID19 #CoronavirusUSA","0"
"1282473361147387905",":ice_hockey::fire:New episode of What The Puck! dropping on YouTube tomorrow. Talking @USER CBA, Playoff Schedule, and some other hot button issues. Keep your eyes peeled!! Hockey is back baby!!! #NHL #NHLPlayoffs #Covid #Toronto #Edmonton #HockeyHubs HTTPURL","0"
"1220221841760903168","My wechat moments are dominated by #WuhanCoronavirus posts from the mainland. The worry stretches far - many posts are from my contacts in BJ / SH.  

There's also quite a bit of what looks like spurious advice about riding out fevers and using disinfectant as a cure! HTTPURL","1"
"1236889906686955520","Would you get a disinfectant service at your home/office admist #CoronaOutbreak","0"
"1292148045048512512","@USER @USER @USER There there, go drink bat soup, you guys need #WuhanCoronavirus for the coming freezing long winter!","0"
"1235389696982859776","#FactCheck Spraying disinfectant is needed in every city during the epidemic? The move is not applicable to other less affected areas because the virus can hardly be transmitted through the open air. #coronavirus #COVID19 HTTPURL","0"
"1272960958953148416","Bet they kill off Dot with #Coronavirus. #EastEnders","0"
"1264603054264987648","RAMBOlow kills the #Coronavirus :winking_face: HTTPURL","0"
"1273046075625086978","New York reports 3 new cases bringing total confirmed cases there to 405,785 and 30,998 total deaths, with 646 new cases and 46 new deaths reported today.

#CoronaVirus #Covid19 #CoronaVirusOutbreak","0"
"1271686707235168256","#CoronaVirusUpdate
#NDMCFightsCoronaVirus
#NDMC drive for  Anti-Larva Activities at Pandara Road &amp; Nursery, Golf link, Flying Club, Mandi House,Fountains, East kidwai Nagar, SBI Colony, etc at New Delhi Area.
#WorkForSafety HTTPURL","0"
"1296531210538115072","In the news: Maine CDC reports 1 new death, 19 more cases of coronavirus HTTPURL #coronavirus #COVID19 #2019ncov","0"
"1296287347533852680","In the news: One more coronavirus death reported in South Dakota, 123 new cases HTTPURL #coronavirus #COVID19 #2019ncov","0"
"1224850952550789129","Just saw this on Amazon: Professional Lysol IC Disinfectant Spray w/... by Lysol for $14.85 HTTPURL via @USER #ad #coronavirus #coronaoutbreak #wuhanflu #chinaflu #flu #corona #virus #CoronavirusOutbreak #coronaviruswuhan","0"
"1231797626791768065","@USER 9 days on surface = #coronavirus life
mail can be contaminated. place mail/money in bag spray with disinfectant close bag and give a shake. wear mask/glove/googles #BeSafe not sorry prepare now:folded_hands:","0"
"1233459481767530499","Clorox Healthcare Citrace Hospital Disinfectant &amp; Deodorizer, Aerosol Spray, Citrus, 14 Ounces HTTPURL  #ad #coronavirus #coronaoutbreak #wuhanvirus #CoronavirusOutbreak #coronaviruswuhan #COVID2019 #CoronavirusUSA #pandemic #COVIDー19 #coronavirusus","0"
"1279013957659815937","@USER If you have high blood pressure, you may be at higher risk of getting #COVID19, having worse symptoms, dying from the infection. Lose weight, eat a healthy diet (cut out the gorengan), quit smoking, reduce your salt &amp; caffeine intake, excercise regularly. HTTPURL","0"
"1239306664974725123","Coronavirus is serious now. You need to protect yourself more now than ever. Get yourself some form of portable disinfectant wipe and wipe surfaces around you.
HTTPURL

#Coronavirusoutbreak #coronavirus #coronavirusupdates #covid19 #covid2019 HTTPURL","0"
"1271765592433758211","More than 7.6 million cases of the novel coronavirus have been confirmed worldwide, as well as at least 425,000 deaths, according to Johns Hopkins University. #CoronaVirus #Covid19 #pandemic #InfectiousDisease #CoronaVirusUpdate","0"
"1261762277264494592","Autopsies reveal: #Coronavirus is more than a lung infection | #COVIDー19 Special 
HTTPURL","0"
"1277134043125936128","@USER As a country our biggest failure in the face of this pandemic was &amp; is that the main stream media is afraid of offending or traumatizing anyone and will not show the true face of this virus.  Those that don't believe it's real or it is not a big deal have not seen #Wuhan jan '20","0"
"1271872511660232705","Sweden, Saudi Arabia and the US continue to have a high increase in active cases 

#CoronaVirusUpdate #COVID19 HTTPURL","0"
"1292511737678147585","Play god 

#pressrelease #earthquake 
#ncearthquake #BookLoversDay 
#coronavirus","0"
"1233932858214895616","@USER $PENC under the radar - On 10/15/19 patent approved for disinfectant that kills #coronavirus 99.9% of time.  On 10/18/2019 they start a series of bulk shipments of trigger sprayers.  Company has US Government contracts HTTPURL HTTPURL","1"
"1237921250313416704","Iraq's civil defense spray disinfectant in public areas in an effort to combat #coronavirus HTTPURL","0"
"1293746795823104001","No one here gets out alive
                        James Douglas Morrison 
#COVID19 #Covid19UK #covid19Usa #covid19brasil #covid19de #COVID19france #COVID19ireland #covid19Italia #COVIDPERSISTENTE #SARSCoV2 #SARS_CoV_2 #CoronavirusPandemic #coronavirusitalIa #CoronaVirus","0"
"1271940244091269120","Top 5 list of highest positive cases Covid-19 in the world:
1. USA - 24,070
2. Brazil - 20,612
3. India - 12,023
4. Russia - 8,706
5. Chile - 6,509

As of 6:30am, June 14, 2020
#CoronavirusUpdate","0"
"1236817159185215488","Boarded @USER flight f/ #Seattle and as I used disinfectant wipes on seat and area,flight attendant aggressively told me to stop before I ruined the leather. Said they already disinfected. Great! Did the same crew who cleaned also disinfect?? :grimacing_face:#CoronaVirus HTTPURL","0"
"1233980285349433345","Lysol Disinfectant Spray, 3ct - Max Cover, 1x19oz, + Crisp Linen, 2x19oz HTTPURL ad #coronavirus #coronaoutbreak #corona #virus #CoronavirusOutbreak #coronaviruswuhan #COVID2019 #wuhanvirus #CoronavirusUSA #pandemic #COVIDー19 #nCoV19 #COVID19US","0"
"1257922678259924992","@USER @USER @USER @USER Get sun :sun: because it kills the #WuhanCoronaVirus","1"
"1280329083923005440","#Corona virus can float in the air.

239 scientists in 32 countries have outlined evidence showing that smaller #COVID19 virus particles can linger in the air indoors and infect people, and called for the @USER to revise its recommendations.","0"
"1263516601321754625","Truth or myth? Eating peppers can prevent or cure #COVID19. Myth! Though tasty, there is no evidence that eating peppers protects you from infection or is a remedy. Get all the latest @USER #mythbusters. HTTPURL #coronavirus HTTPURL","1"
"1237428171479429123","Do you want 100% complete disinfection coverage for all surfaces? Give us a call and ask about EnviroShield, the only disinfectant spray applied with the Hurricane ES electrostatic sprayer to achieve the “wrap around” effect. #enviroshield #CoronavirusUSA #CoronavirusOutbreak","0"
"1286810565713760257","Remember, soup with crackers &gt; cataclysmic natural disasters #coronavirus #2020NutMonth #tub","0"
"1234904314788925440","#SuperTuesday #treylyneworld #dotviera #coronavirus #CoronaOutbreak #TuesdayThoughts stay safe people walk with a spray bottle of bleach or disinfectant :flexed_biceps_medium_skin_tone::hundred_points::hundred_points::folded_hands_medium_skin_tone::white_heavy_check_mark: HTTPURL","0"
"1256176100331474945","Our Pastors and Spiritual leaders are quiet,  .... Miracles are suddenly postponed till further notice . :man_walking_medium_skin_tone::man_walking_medium_skin_tone::man_walking_medium_skin_tone:

#Covid_19","0"
"1238804621260288001","@USER
 
@USER
 My shipment number 1337387135571 for which wrong reasons are given by delivery office is containing dettol disinfectant for my home which is very essential commodity for #CoronavirusOutbreak #coronavirusindia But its was not attempted for delivery.","0"
"1224214663010930690","#FAQs on #coronavrius: 
Can regular rinsing of nose with saline help prevent infection with the new #coronavrius? 

#nCov2019 
#CoronavirusOutbreak HTTPURL","0"
"1224723920013660160","There is a  shortage of masks. Are they washable in a disinfectant solution? Are they paper? Could people make them out of cotton, a handerrchief, and then wash them as above?  #China #WuhanCoronavirus  #Coronavirus #WHO","0"
"1271760248345260032","#CoronaVirusindia With 37 new cases reported on Saturday, Tripura Covid cases crossed 1,000-mark.  #CoronaVirus #Covid19 #pandemic #InfectiousDisease #CoronaVirusUpdate","0"
"1292782629037776896","@USER Everyone on the list are so pissed as they are banned to eat bats in wuhan #CCP_is_terrorist #StandWithHongKong #WuhanCoronavirus","0"
"1233000393250148352","Imagine seeing this in the lift, residents will hunker down for quarantine as a daily disinfectant aerosol is sprayed throughout 
#coronavirus COVID19 nCoV2019 

 HTTPURL 03
#ThursdayThoughts","0"
"1234624543051931649","The Walmart off of Dale Mabry in Tampa are all out of hand sanitizers, disinfectant spray, and the disinfectant wipes have been “wiped out”. #CoronaVirus @USER HTTPURL","0"
"1266520042776047617","@USER My students earning 200-300$ Daily :money_bag:, 
- No one is going to give you free cash here on Twitter save yourself from fake screenshots , All are fake check my screenshot added watermark.

- DM me for more details :heart_suit: stay safe 

#cashapp #Covid_19 #coronavirus  #paypal","0"
"1227228491726426113","@USER Follow-up question... What are the consequences of inhaling disinfectant mist into human lungs... short &amp; long term?
   #Wuhan  #corornavirus","1"
"1237837265189113862","FYI: high proof vodka can be used as a disinfectant if you get desperate. #themoreyouknow #COVID19 #ohio","1"
"1250814194682912770","Myth: Eating garlic prevent infection with new #Covid_19. HTTPURL","1"
"1231622829810028546","In the holy city of Qom where the first cases of #CoronavirusOutbreak reported people smoke Peganuma harmala seeds as a disinfectant agent to fight the virus infection. Not sure about its effectiveness but this 
photo shows the entrance of Qom main Bazar. HTTPURL","1"
"1251464040066347008","Helloh everyone  :clapping_hands_light_skin_tone:, stay safe and follow who’s guideline prevents to covid - 19!! #2019nCoV #coronavirus HTTPURL","0"
"1234202074738495493","Fear, distrust and disinfectant in the air amid #Iran's #coronavirus outbreak HTTPURL","0"
"1223370800633282560","Lysol Wipes/Spray helps disinfectant Corona Virus 

#coronavirus 

HTTPURL","0"
"1266524034889637894","#coronavirus update in #Lithuania. New cases confirmed 6, new recovered 23. Total cases in Lithuania confirmed 1662, recovered 1216, deaths 68. +0.36% daily cases increase, 6 reported today UTC time.","0"
"1238829517155610624","""A medical staff member riding on a personal transporter sprays disinfectant in a residential area in #Wuhan, #China, on March 11, 2020."" AFP / Getty (Image downloaded from The Atlantic) #Covid19 #coronavirus HTTPURL","0"
"1238108003234086912","Fuck it just drink alcohol and you should be good, alcohol kills germs right??:man_shrugging_light_skin_tone: haha #Covid_19 #CoronavirusPandemic","1"
"1259461308170330112","Durgapur make its debut in #Covid_19 race ....","0"
"1236408715504504839","Why are people #stockpiling toilet rolls for the #coronavirus? As far as I know it doesn't affect *that* part of your system. 

I stocked up on #ffp3/ #n100 filters for my #NBC suit's gas mask, and disinfectant for my decontamination system months ago. (Only joking!).","0"
"1223094522227445761","Just saw this on Amazon: Diversey Virex All Purpose Disinfectant Cle... by Diversey for $19.22 HTTPURL via @USER #ad #coronavirus #coronaoutbreak #wuhanflu #chinaflu #flu #corona #virus","0"
"1244905758396952577","These DO NOT protect against #COVID19:

*Consuming hot lemon, palm oil, ginger or garlic
*Gargling with salt water
*Drinking or spraying dettol on your body

#TakeResponsibility
#WashYourHands
#StayAtHome 
#LockDownNigeria HTTPURL","1"
"1295051025775316994","MYTH BUSTER for the week!
In times like this information is the key to stay safe.
Here are some of the myths on covid19 you would probably wanna take a look at.
#covid #covid19 #myths #maskon #staysafestayhome #mythbuster #50hands #50handsorg HTTPURL","0"
"1271705006736060416","Best solution to check the authenticity of a herb and the hebalist #COVID19Pakistan #COVID19 #coronavirusinpakistan #CoronaVirusUpdate #coronavirusuk #CoronaOutbreak #COVID19India #COVID19Pandemic HTTPURL","0"
"1227671406927908864","Clorox Healthcare Hydrogen Peroxide Cleaner Disinfectant Wipes, 155 Count Canister (Pack of 6) HTTPURL #ad #coronavirus #coronaoutbreak #wuhanflu #chinaflu #flu #corona #virus #CoronavirusOutbreak #coronaviruswuhan  #outbreak #2019nCoV #COVID19","0"
"1236167696334508033","Did #Dettol know about #coronavirus much before? Here's what the claim of disinfectant killing coronavirus means. #COVID19 #Corona #ChinaCoronaVirus 

HTTPURL","0"
"1282452207623970817","Hot date with #Covid_19 
She makes me short of breath with her beauty.","0"
"1235148391765757952","Can regularly rinsing your nose with saline help prevent infection with the new #coronavirus? #Covid_19 #virus #COVID19italia #covid19UK #Covid19usa #Covid19fr #WuhanCoronavius #2019nCoV #Wuhan HTTPURL","1"
"1233752089077010432","Footage from heavily affected areas shows the disinfectant spraying of footpaths? carparks? and roads?
I read #coronavirus #covid19 can survive on surfaces for up to 8 days.
Next level hygiene should involve quarantine/disinfecting of shoes and not wearing them into the house.","0"
"1226306318073384960","A very very tiny thing kills. 
Never touch your face esp. nose,eyes,mouth without thoroughly washing your hands with disinfectant soap.
Always use face mask and eye protection.
#coronavirus","0"
"1253862388035543041","Latest research from U.S.: alcohol kills covid-19 in 10 seconds. We should all be sipping 180 proof vodka 3 times a day? Helps the nerves as well! :-) #coronavirus #Covid_19 #COVID19PH #COVID","1"
"1266524284115136513","If I don’t hear from Michael Cole within the next 5 minutes I’m assuming he has #coronavirus and #WWE doesn’t give two f**ks if their employees get it. This has been the weirdest 15 minutes to start #SmackDown","0"
"1263151698907987968","Myth buster. Eating garlic helps prevent coronavirus. 
Did you also fall for this?

Fact: Garlic has a lot of nutritional and medicinal value but there is no proof so far that it combats the new #coronavirus.

 See more here HTTPURL","1"
"1263587975826247682","Unfortunately, to #eat what you like I have to go to #Westminster because unfortunately I won't get to #Camden in #COVID-19. HTTPURL","0"
"1273046134513111044","WHAT'S BLAMED ON US #MILLENIALS:
Less :house: buying :white_heavy_check_mark:
Crashing economy :white_heavy_check_mark:
Smaller families :white_heavy_check_mark:
Automation of jobs :white_heavy_check_mark:
:avocado::bread: :white_heavy_check_mark:
Killing @USER :white_heavy_check_mark::white_heavy_check_mark:

&amp; now..:drum::drum:
#coronavirus (says @USER

&amp; next up..Politicians who've been in office since we were born. :eyes: at you @USER","0"
"1220683534362456064","Does saline solution kill #coronavirus?
#ARYNews
HTTPURL","1"
"1266520446545133575","Ohio reports 11 new cases bringing total confirmed cases there to 34,625 and 2,137 total deaths, with 668 new cases and 27 new deaths reported today.

#CoronaVirus #Covid19 #CoronaVirusOutbreak","0"
"1229971370748018688","PURELL Multi-Surface Disinfectant Spray HTTPURL  #ad #coronavirus #coronaoutbreak #wuhanflu #chinaflu #flu #virus #CoronavirusOutbreak #coronaviruswuhan #2019nCoV #COVID19","0"
"1296243437897789442","In the news: This Trawler's Haul: Evidence That Antibodies Block the Coronavirus HTTPURL #coronavirus #COVID19 #2019ncov","0"
"1271789937101344769","To @USER 
#CoronaVirusUpdate June 13, 2020  
Florida - Deaths continue to Increase
Confirmed: 70,971 (+1,902) highest total in a single day
Deaths: 2,877 (+29)

29 Floridians lost their lives since yesterday from #COVID19 
Wear a #Mask, respect #SocialDistancing","0"
"1235961514118598659","#Coronavirus 

Everyone check your disinfectant bottles that you have had for months, which were established long before you got them

It clearly states it protects against ‘Human Coronavirus’

I thought this virus was new? 

Maybe #COVIDー19 is a new strain?

Hidden agendas!

:man_shrugging_medium-light_skin_tone:","1"
"1222134046974566405",":face_with_medical_mask: Face masks sold out everywhere in Hong Kong. 

Other items on hot demand: bleach, cleaning wipes, disinfectant soap and other cleaning products
 #coronavirus #WuhanCoronovirus #CoronavirusOutbreak HTTPURL","0"
"1296243433447682048","In the news: Qiagen launches new tools for tracking coronavirus mutations and strains HTTPURL #coronavirus #COVID19 #2019ncov","0"
"1296576630165364737","In the news: Coronavirus In Minnesota: MDH Reports Almost 700 New COVID-19 Cases, 7 More Deaths HTTPURL #coronavirus #COVID19 #2019ncov","0"
"1266524117550813184","@USER How many degenerates rioting will die from #COVID2019? 
Is that a new metric for the #Coronavirus ""expert models""?
Covid-19 rioter deaths.","0"
"1225904066854899720","Check out this Amazon deal: PURELL Professional Surface Disinfectant, Fresh Citrus Scent, 1 Gallon Disinfectant (Pack of 4) HTTPURL #ad #coronavirus #coronaoutbreak #wuhanflu #chinaflu #flu #corona #virus #CoV2019 #CoronavirusOutbreak #coronaviruswuhan #outbreak","0"
"1296157613688725505","A cheap medicinal dye Methylene blue in low dose nebulisation... can it be a fast patch to prevent Covid induced lung damage. An cheap affordable option which is fast picking up in a race towards normalcy #covid #methyleneblue #covidcure #medicine  HTTPURL","1"
"1239013460664614913","@USER handing out disinfectant wipes to only first class... even in a pandemic, money still speaks more than basic humanity. #economyclass #coronavirus","0"
"1233145156972490752","@USER @USER This $OBCI disinfectant will be used all over the whole world! #coronavirus","0"
"1230897953079996416","Clorox Healthcare Hydrogen Peroxide Cleaner Disinfectant Wipes, 95 Count Canister - Pack of 6 HTTPURL #ad #coronavirus #coronaoutbreak #wuhanflu #chinaflu #flu #virus #CoronavirusOutbreak #coronaviruswuhan #2019nCoV #COVID19 #wuhan #china #outbreak","0"
"1225668010712686593","Clorox Broad Spectrum Quaternary Disinfectant HTTPURL  #ad #coronavirus #coronaoutbreak #wuhanflu #chinaflu #flu #corona #virus #CoV2019 #CoronavirusOutbreak #coronaviruswuhan","0"
"1284126340309024771","@USER Removing coronavirus from nose nasal cavity :winking_face_with_tongue:

#coronavirus 
#COVID__19 
#COVID19Vic","0"
"1247444791060623360","Fact: garlic prevents vampire attacks
Myth: garlic prevents #coronavirus infections

@USER busts more #COVID19 myths: HTTPURL HTTPURL","1"
"1280290527343190018","What do you think? :see-no-evil_monkey::grimacing_face::grinning_squinting_face:
Grab your copy of Ignatius Shoestring’s NEW book at HTTPURL
#funny #corona #2020 #hide #WordPlay HTTPURL","0"
"1237095661436272640","What if the #CoronavirusOutbreak is just a ploy by cleaning and disinfectant products companies to get more and more sales?","0"
"1282468092128501761","Immunity to #Covid-19 may be lost in just a few months, new research suggests HTTPURL HTTPURL","0"
"1227525559573311488","Was at Kallang Wave NTUC Fairprice supermarket just only. No stock of hand sanitisers, disinfectant wipes, or general wipes. Lots and lots of dry pocket tissue, kitchen rolls. And some toilet rolls.  #coronavirus #Singapore","0"
"1237054068356460545","My boss told me that having disinfectant and hand sanitizer by the door is not welcoming. Oh well :man_shrugging_medium_skin_tone: no #coronavirus here. #SelfQuarantine is next if people continue to violate my space. HTTPURL","0"
"1259136096698499072","Why is it vital to take a Vitamin D supplement during lockdown?

The sunshine vitamin helps boost our immune system &amp; fight infection. It increases production of natural antimicrobial agents that kill microorganisms associated with infection.

#coronavirus #Covid_19 #healthcare HTTPURL","1"
"1282468875884429312","On May 12, Richard Rose of Ohio declared that he would not wear a mask. He later frequented bars. July 3, he died from the #coornavirus 
#CoronaVirusUpdates #COVIDIOT #covid #WearAMask #breakingnews
HTTPURL","0"
"1230898162119868416","Professional Lysol IC Disinfectant Spray w/Control Flo Valve, 228oz (12X19oz) HTTPURL #ad #coronavirus #coronaoutbreak #wuhanflu #chinaflu #flu #virus #CoronavirusOutbreak #coronaviruswuhan #2019nCoV #COVID19 #wuhan #china #outbreak","0"
"1261652130760470533","Anyone realize the @USER hot what they wanted because of #Covid_19 ?
No more racing events of any kind, means no more none emissions equipped vehicles being used! @USER also got his monthly income he wanted. Just A thought though.","0"
"1237850442035425281","#Ohio: Schools invest in advanced “electrostatic” disinfectant sprayers (designed to allow the cleaning liquid to cover more area, therefore, killing more germs and viruses.) 

#CoronaVirus #CloseTheSchools  #CloseTheSchoolUK teachers homeschool students
HTTPURL HTTPURL","0"
"1235683424188485634","This is also a friendly reminder that in these times, you have to read what your disinfectants kill claims are and how long the contact time needs to be. While you may be putting the disinfectant on, it won’t actually work if it doesn’t meet its contact time.
#Coronavirus","0"
"1271837453901414403","#coronavirusindia COVID-19 tally in Tripura crossed the 1000-mark as 37 people tested positive for the infection on Saturday, taking the total number of cases to 1,001 #CoronaVirus #Covid19 #pandemic #InfectiousDisease #CoronaVirusUpdate #Tripura","0"
"1273043132603609089","To help your #nonprofit connect with donors and volunteers during #coronavirus, check out this article, brought to you by @USER Discover the best practices for audio, video, and screen sharing during online events. @USER HTTPURL","0"
"1246039826329042944","Vice President M #VenkaiahNaidu on Friday urged #governors and Lt governors to motivate #spiritual and #religious leaders to advise their followers against holding congregations and practice #socialdistancing to prevent the transmission of #coronavirus.
HTTPURL","0"
"1237522656900964352","Disinfectant wipes, disinfectant sprays, &amp; 2 garbage bags... | 

#coronavirus #COVID2019 HTTPURL","0"
"1252191050556456960","FACTS V/S MYTHS about #COVID_19

Can spraying chlorine or alcohol on your body kill the virus?

@USER  #CoronaUpdatesInIndia #IndiaFightsCoronavirus HTTPURL","1"
"1234561614797529088","Clorox Healthcare Hydrogen Peroxide Cleaner Disinfectant Wipes, 95 Count Canister Pack of 6 HTTPURL ad #coronavirus #corona #virus #CoronavirusOutbreak #COVID2019 #wuhanvirus #CoronavirusUSA #pandemic #COVIDー19 #COVID19US #Coronavid19 #SARSCoV2 #china #wuhan #flu","0"
"1234211333937270790","Fear, distrust and disinfectant in the air amid #Iran's #Coronavirus outbreak
HTTPURL","0"
"1234132540291768323","Clorox Healthcare Citrace Hospital Disinfectant &amp; Deodorizer, Aerosol Spray, 14 Ounces HTTPURL ad #coronavirus #corona #virus #CoronavirusOutbreak #COVID2019 #wuhanvirus #CoronavirusUSA #pandemic #COVIDー19 #COVID19US #Coronavid19 #SARSCoV2 #china #wuhan #flu","0"
"1254307384866017281","What is happening in Kano is proof that we should not politicise #CoronaVirus. I was saddened by the ingratitude of some Africans who castigated @USER and @USER over their warnings. Is Kano a manifestation of what they warned us about?

#FreeLeahSharibu #RenosNuggets","0"
"1271765328209436672","#CoronaVirusindia Delhi High Court directs Centre, Delhi govt to increase beds, ventilators for COVID-19 patients in national capital #CoronaVirus #Covid19 #pandemic #InfectiousDisease #CoronaVirusUpdate #delhi","0"
"1234838689919983616","@USER Thanks for the article. Airlines should use the disinfectant “fog” at all times like @USER does on inbound flights to USA #airlines #CoronavirusOutbreak","0"
"1226722567295262721","Clorox Healthcare Citrace Hospital Disinfectant &amp; Deodorizer, Aerosol Spray, Citrus, 14 Ounces by Clorox HTTPURL #ad #coronavirus #coronaoutbreak #wuhanflu #chinaflu #flu #corona #virus #CoronavirusOutbreak #coronaviruswuhan #outbreak","0"
"1285196905446813701","Rehab is usually considered an essential intervention, the best chance to maximize healing &amp; prevent a short-term injury from becoming a lasting disability. 

#COVID19 interrupted the healing of many recovering from serious illness &amp; injury @USER

HTTPURL","0"
"1296591229799415808","In the news: Michigan reports 19 new coronavirus deaths, 419 new cases HTTPURL #coronavirus #COVID19 #2019ncov","0"
"1234923669585002499","They want to kill us o - you cannot buy hand disinfectant like anywhere in #toronto or on HTTPURL or at @USER #coronavirus","0"
"1266575125383503872","#coronavirus soup shocker HTTPURL","0"
"1278113665770643456","Is It Safe to Go Out to Eat? HTTPURL #coronavirus #EatOut #RestaurantsSafe","0"
"1226808022573309953","Disinfection is underway! China’s most virus-stricken province, Hubei, is disinfecting entire cities to curb #coronavirus, as trucks and medical workers spray disinfectant through the streets. HTTPURL","0"
"1288988635258327045","Lab escape is only ""far more plausible"" than a natural emergence for #COVID19 (as this op-ed states) if you:
-don’t understand disease emergence
-ignore how past pandemics unfolded
-are selectively blind to evidence from virologists &amp; health experts
HTTPURL HTTPURL","0"
"1250575188942602240",":loudspeaker:Spread the word: Registration is now open!

Join the #EUvsVirus hackathon before 19 April to help develop innovative solutions against #coronavirus &amp; #COVID2019 

An example of how we can come together in times of crisis - European innovation in action! HTTPURL","0"
"1225585257224851456","#Chinese residents walk through five-metre-long disinfectant tunnel to enter community amid #coronavirus outbreak

#corona #coronaviruschina #CoronarvirusOutbreak HTTPURL","0"
"1261683812855152643","I thought you'd like this, @USER - HTTPURL 

I surprised Charlee w/new bath squeak toys in her bath. She ""saved"" each one of them from the water. Resulting in water all over my home &amp; squeaking for hours. 

Hit week 10 of #Covid_19 self isolation today.","0"
"1238092187180638209","If you go out in public coughing, the SWAT team will spray you with disinfectant cannons.

#amwriting #amwritingscifi #CoronavirusPandemic #CoronaVirusUpdate #coronavirus #lol #SWAT #coughing 
#humorViral","0"
"1237899888807084032","Ijs.... @USER Why not Drop a Virus Shield/bubble/Mist of @USER Disinfectant (which kills the #CoronaVirus in 5mins) on the entire UnitedStates by military planes and Abatement Trucks. @USER @USER 
ITS JUST A THOUGHT!!","0"
"1271871359170338818","Chile, Brazil,and Peru have the most new cases per capita

Saudi Arabia, Sweden and the US follow 

#CoronaVirusUpdate #COVID19 HTTPURL","0"
"1271791064987254784","TV actress Mohena Kumari who infected with the #Coronavirus. She has returned home from the hospital after 10 days but she is still #Corona positive.

#MohenaKumari #COVID19 #CoronavirusUpdate #Entertainment HTTPURL","0"
"1235347860922789894","@USER Plausible occurrences: 1. It is a real vaccine, still warm as it just got excerted from a lab-mouse. 2. It is saline for the propaganda machine. 3. It is cold as ice straight from the shelf of a secret freezer. #coronavirus #2019nCoV #outbreak #Wuhan #COVID19 #COVIDー19 #covid_19","0"
"1226874078084161537","Clorox Healthcare Hydrogen Peroxide Cleaner Disinfectant Wipes, 95 Count Canister, 6 Canisters/Case (30824) (12 Canisters) HTTPURL #ad #coronavirus #coronaoutbreak #wuhanflu #chinaflu #flu #corona #virus #CoronavirusOutbreak #coronaviruswuhan #corononavirus","0"
"1293169530752172033","@USER Saline injections will not prevent #COVID19","0"
"1231757331215650817","DETTOL All in One Disinfectant Spray 400 ml Bottle (Cucumber Splash, 4) HTTPURL #ad #coronavirus #coronaoutbreak #wuhanflu #chinaflu #flu #virus #CoronavirusOutbreak #coronaviruswuhan #2019nCoV #COVID19 #CoronavirusUSA #pandemic #wuhan #china","0"
"1251595133209972737","Putin leverages #coronavirus chaos to make a direct play at @USER 

cc @USER @USER @USER @USER @USER @USER HTTPURL","0"
"1227794187367657472","Just saw this on Amazon: Lysol Disinfectant Spray, 3ct - Max Cover, 1x19oz, + Crisp Linen, 2x19oz HTTPURL #ad #coronavirus #coronaoutbreak #wuhanflu #chinaflu #flu #virus #CoronavirusOutbreak #coronaviruswuhan #2019nCoV #COVID19","0"
"1231910828284055552","China : Spraying disinfectant to contain the #coronavirus HTTPURL","0"
"1237402082413510658","Prague's buses and trams are being tested with a new disinfectant coating that claims to eliminate all viruses and bacteria for up to 21 days: HTTPURL #Prague #Czech #Czechia #CzechRepublic #Coronavirus #CoronavirusOutbreak #CoronavirusCzechia","0"
"1236999948866109440","So many of us panic of the #coronavirus hence so many use wipes, disinfectant sprays and other sorts without realising we are adding another problem to our environment. Let’s not forget about it. Wash your hands.","0"
"1234929551534325766","When voting today in #SuperTuesday #Election2020 use disinfectant wipes before pulling the lever, use your own pen. Wash your hands before and after.

#CoronaVirus #CoronavirusOutbreak #CoronaVirusVoting HTTPURL","0"
"1237029146234105860","#Iran 
27 people in Ahwaz and Karaj fall victim to industrial alcohol consumption 
Iran regime and IRGC are Hoarding medical disinfectant and people are suffering for #Coronavirus 
#COVID19 HTTPURL","0"
"1225154627777130497","Just saw this on Amazon: Micro-Scientific Opti-Cide3 Healthcare Grade Disinfectant Cleaner and Sanitizer Solution HTTPURL via @USER #ad #coronavirus #coronaoutbreak #wuhanflu #chinaflu #flu #corona #virus #CoV2019 #CoronavirusOutbreak #coronaviruswuhan #outbreak","0"
"1254452801754857473","$XOM reconfigured a facility to manufacture medical-grade #handsanitizer, production target of 160,000 gallons, to be donated to #healthcare providers &amp; first responders
:pushpin:Originally making isopropyl alcohol 
HTTPURL

#Oil #OOTT #COVID
 HTTPURL","0"
"1225032958677045248","The mystery disinfectant with descent resolution...I'm interested to hear theories below

#coronavirus #CoronavirusOutbreak #CoronavirusWho #coronaviruschina HTTPURL","0"
"1223271736864583683","@USER Barry: They said we only had to use the disinfectant spray to sterilise the coach after transportation.

Dave: Don't question my ways Barry

#coronavirus HTTPURL","0"
"1246048364749377543","kill the swill kill the #covid #virus #maltliquor #oldeenglish #shitfaced #LabelOut HTTPURL","0"
"1236041229789302784","video:Evidence 

"" Iranian revolutionary guard sells World Health Organization Aids on the black market 

A citizen says I bought this disinfectant that came from Germany as aid to #Iran for the price of 75,000 tomans!""

via @USER  
#who #coronavirus #Iranian #IranWar HTTPURL","0"
"1266519713754099712","COVID19 Stats for Bahrain as of May 30, 2020:

Total Cases: 10449
New Cases: +397
Total Deaths: 15
New Deaths: no data
Total Recovered: 5700
Active Cases: 4734
Serious/Critical Cases: 9
Total Tests: 304179
Tests/1M pop: 179408

#coronavirus #COVID19","0"
"1223280687828041729","Video from the #WuhanCoronavirusOutbreak airport as NBC crews are evacuated from China.

Note the decon truck dumping disinfectant on the ground.

HTTPURL

#coronavirus #coronarovirus #CoronavirusOutbreak","0"
"1235833508066553856","With #Coronavirus concerns, I’m passing along a discount on my favorite disinfectant designed for hospitals, schools, etc. Disinfects against most everything - SARS, influenza, HIV 1, Coronavirus 229E. Use code 15offMA here: HTTPURL HTTPURL","0"
"1271839388305993729","#coronavirusindia 7 more people tested positive for Covid-19 in Himachal Pradesh today, taking total number of active cases to 177, said State Health Department. Total cases 493, 6 have died
 #CoronaVirus #Covid19 #pandemic #InfectiousDisease #CoronaVirusUpdate #HimachalPradesh","0"
"1238463747661930496","Muslims Don't drink alcohol but are cool with sanitizers been 70% concentrated alcohol. 
You've got to love Humanity 
#CoronaOutbreak #CoronaVirusUpdate #COVID19 HTTPURL","0"
"1277033139190345730","The Fire of God is very contagious, #COVID19 eat your heart out. Pastor @USER #FireConference2020 :rolling_on_the_floor_laughing:","0"
"1234022781286854656","What people are doing in Iran during #CoronaVirus pandemic:
1- Some people who have supplies of masks are giving them to people for free. 
2- Mask and disinfectant factories are working 24/7 to keep up with the demand. 
3- Schools and universities have been closed for 2 weeks. HTTPURL","0"
"1296407516868415490","In the news: Coronavirus Hot Spots: Cities and Towns in Mass. With High Rates of Positive Tests HTTPURL #coronavirus #COVID19 #2019ncov","0"
"1266523719318429696","""I was thinking, 'This might be it for me.'""

Charlotte high school coach recounts terrifying fight against COVID-19 and his long road back

@USER l @USER l @USER l #Covid_19 l #coronavirus

HTTPURL","0"
"1238897538364780545","70% ethanol, an ideal disinfectant for #coronavirus. Time #government stop wasting this resource in our gasoline &amp; start making #sanitizer. 

US burns ~1 gallon of ethanol per citizen every 10 days. 

@USER spray bottles those caring for our animals HTTPURL","0"
"1233887816679149569","Costco is handling out disinfectant wipes to customers for their carts.  #Costco #coronavirus #health","0"
"1296272628043223040","In the news: Evidence lags behind excitement over blood plasma as a coronavirus treatment HTTPURL #coronavirus #COVID19 #2019ncov","0"
"1272204798796972037","Youths of Saptari Gift Ginger, Garlic, and Turmeric to KP Oli Insisting Him to Boost His Immunity 

Read more: HTTPURL

#coronavirus #Nepal #KPOli #SanitizeOurGovernment #EnoughIsEnough","1"
"1237568481035317248","@USER @USER @USER @USER @USER @USER @USER @USER instead of blaming @USER for #coronavirus maybe you should educate your followers on these terms: 
SANITATION
INFECTION CONTROL
EPA REGISTERED DISINFECTANT

Also teach them to read labels HTTPURL","0"
"1237436653356154880","Ho to prepare at home a disinfectant handrub gel formulation, HTTPURL  #coronavirus #health HTTPURL","0"
"1238233405386522624","#laskmun The latest absurd story is one of a South African pastor who allegedly gave his congregation a disinfectant otherwise called ‘Dettol’ to drink as a spiritual medicine for their healing of various sicknesses. #Covid_19 #CoronaVirusUpdate 
HTTPURL","1"
"1271758182319185925","#CoronaVirusindia Odisha on Saturday reported 225 new COVID-19 cases, taking the total number of positive cases to 3,723,  #CoronaVirus #Covid19 #pandemic #InfectiousDisease #CoronaVirusUpdate #Odisha","0"
"1273042677026574336","Criticism mounts as New Delhi hospital beds run out amid coronavirus surge...... #India #NewDelhi #COVID19India #Coronavirus #CoronavirusPandemic #Covid_19 #Pandemic #COVID #COVID19 #COVID2019 #COVIDー19 HTTPURL","0"
"1244538386465030144","Exercising will kill me before the #coronavirus does mafra:crossed_fingers_medium-dark_skin_tone:#Day4 HTTPURL","0"
"1256535566021087234","Heat oil &amp; when it is hot, chuck in the green chillies &amp; ginger garlic paste. Fry for a minute or two.
(You should be able to smell the garlic- if you can’t, get a #COVID19 test maybe?) HTTPURL","0"
"1236671650856407040","#Coronavirus #COV19 
Clorox Healthcare Bleach Germ Cleaner Spray
Clorox Disinfecting Wipes
Lysol Disinfectant Max Cover Mist
Prof Lysol Disinfectant Spray
Purell Prof Surface Disinfectant Wipes
Peak Disinfectant Wipes
Sani-Prime Germ Spray
Sani-Cloth Prime Germ Disposable Wipe","0"
"1237415263269773318","SPRAY, SPRAY, SPRAY THE #CORONAVIRUS AWAY.
China continues spraying disinfectant to contain the CoronaVirus. HTTPURL 03
#FBR","0"
"1236022082112303105","Diversey Oxivir TB One-Step Disinfectant Cleaner, 32oz Bottle, 12/Carton HTTPURL ad #coronavirus #corona #virus #CoronavirusOutbreak #COVID2019 #wuhanvirus #CoronavirusUSA #pandemic #SARSCoV2 #china #wuhan #flu #Covid_19 #CoronaOutbreak #COVID19","0"
"1251519418879946754","Missing football like... #Belarus #covid19 #vodka HTTPURL","0"
"1258242050639659009","What if #coronavirus was proof of the power of the mind","0"
"1235432873085157377","#Coronavirus can be killed with disinfectant but beware high-touch HTTPURL research from #Singapore indicates current decontamination measures are sufficient as long as people adhere to them.","0"
"1237511144421629957","While many innocent people of Iran can't find mask and disinfectant or can find with multiple price, regime made a statue of Qasem Soleymani -the most dangerous terrorist in the world- in Pahlavi port of Gilan.
These money could help people but...
#coronavirus #COVID19 #COVID2019 HTTPURL","0"
"1280310870015426560","Sooooo let me get this straight... the only way to test for #covid19 #Chinavirus #coronavirushoax is to have some stranger in healthcare shove a super long q tip up your nose til it touches the brain? 
#GetDaFuckOuttaHere with that shit. I'll take my chances fighting #Corona.","0"
"1232523201537806336","Clorox Healthcare Hydrogen Peroxide Disinfectant Wipes, 95 Count Canister - Pack of 6 HTTPURL ad #coronavirus #coronaoutbreak #flu #corona #virus #CoronavirusOutbreak #coronaviruswuhan #2019nCoV #COVID19 #wuhan #china #outbreak #CoronavirusUSA #pandemic #COVIDー19","0"
"1273662320389042179","Inhaled beclomethasone in moderate doea acts locally (in the lungs) so it stops the inflammation in the lungs without affecting the general immunity of body but it should be used with BS antibiotic to prevent secondary infection by norma Respiratory flora
#Covid_19","1"
"1259064637649063937","#herbs to boost immunity during #covid19 from #kitchengarden #Kohima. #rosemary #oregano #mint #thyme HTTPURL","1"
"1235181816828612608","This is why you never start a businesses in Italy...

The government has seized hundreds of masks and disinfectant products since they're being sold at a 4X markup from pre-crisis levels...

#coronavirusitaly #italy #coronavirus

HTTPURL","0"
"1236628908453384193","This is the cleanest time to fly! Everyone around me just spent 2-3 disinfectant wipes on wiping down everything within arm’s reach on my flight! #SouthwestAirlines #CoronavirusUSA #coronavirus #COVID19","0"
"1232611434577760256","#Iran riot police expreesed readiness to place their equipment at govt. disposal to be used for spraying disinfectant against the spread of the #COVID19 #CoronavirusOutbreak in cities.

HTTPURL HTTPURL","0"
"1228825888877355008","Woman Stabbed an old woman with a knife because she snatched a bottle of disinfectant #coronavirus  #Coronavirustruth HTTPURL","0"
"1256610884627173376","SARS-CoV2 induced respiratory distress: Can cannabinoids be added to anti-viral therapies to reduce lung inflammation?
#cbd #COVID__19 #coronavirus #lockdown #COVID HTTPURL","1"
"1223641327629266944","I wish I WOULD be scared of a COMMON cold, fever, or flu just bc a name got slapped on it. Apparently the corona virus has been around from some time!! I mean, it's on EVERY can of disinfectant spray bc disinfectant sprays KILL the #CoronaVirus","0"
"1233018023780339713","Clorox Healthcare Multi-Surface Quat Alcohol Cleaner Disinfectant Wipes, 100 Count Canister HTTPURL  #ad #coronavirus #coronaoutbreak #wuhanflu #chinaflu #flu #virus #CoronavirusOutbreak #coronaviruswuhan #COVID2019 #CoronavirusUSA #pandemic #COVIDー19","0"
"1238925646841008128","Microban 24 Hour Disinfectant Sanitizing Spray Citrus Scent - 12.5oz HTTPURL #coronavirus #covid_19 #covid19 HTTPURL","0"
"1261696859459862529","Autopsies reveal: #Coronavirus is more than a lung infection | #COVID19 HTTPURL via @USER","0"
"1237196477530857473","Southwest &amp; Delta send emails to passengers about jet cleaning.SW: We spend between 6-7 hours cleaning each aircraft every night, expanding use of hospital-grade disinfectant throughout the aircraft.
DELTA:uses a high-grade, EPA-registered disinfectant on all flights.#coronavirus","0"
"1235980449417060353","“Using the correct disinfectant is an important part of preventing and reducing the spread of illnesses"" [...] Here are some of the registered disinfectants on the EPA’s list."" HTTPURL #hrpbrands #healthy #healthproducts #CoronaVirus","0"
"1234266511956676608","SPRAY, SPRAY, SPRAY THE #CORONAVIRUS AWAY.
China continues spraying disinfectant to contain the CoronaVirus. HTTPURL 01
#FBR","0"
"1244688497841074176","Only hot water Steam can kill coronavirus.
@USER @USER
#Corona #Covid_19","1"
"1266519718933991425","Every great #zombie story starts with a monkey! 2020 is full of whole bunch of #bullshit so far! 

#apocalypse2020 #coronavirus 

HTTPURL","0"
"1233283626562916353","Not to sound or look insensitive but because of #CoronavirusOutbreak alcoholics would be really appreciated because we are never going to get it.. we legit take our baths in vodka and Teqs. So all you ""I'm making heaven because I don't drink alcohol ""good FUCKING luck""","1"
"1227369426581884933","#VIDEO: Man sprays disinfectant to combat the coronavirus/COVID-19 being highly infectious in the air (airborne)

#coronavirus #COVID19 #coronavirusoutbreak HTTPURL","0"
"1225578516751798273","Zep Antibacterial Disinfectant Cleaner - Kills Human Coronavirus, HIV, MRSA and Influenza 128 Ounces ZUBAC128 (Case of 4) HTTPURL via @USER #ad #coronavirus #coronaoutbreak #wuhanflu #chinaflu #flu #corona #virus #CoronavirusOutbreak #coronaviruswuhan","0"
"1229090170189668352","#Wuhan UAV disinfectant spraying continues  #China #CoronavirusOutbreak #WuhanCoronavirus #COVID19 #NCOV19 HTTPURL","0"
"1273143998304137216","#CapeGooseBerries (#Raspberries) have abundant #VitaminC much more than lemons! Not only is Vitamin C good for your skin, but it also helps in boosting your #immunity. It fulfills 18 % of requirements of vitamin C, further helping in enhancing your immunity to fight with #CoVID HTTPURL","1"
"1282465818924797953","We can show you how to use social media to increase revenue. Contact us today for more information. #hustle #leadership #technology #like #entrepreneurlife #covid #businessman HTTPURL","0"
"1273043060184821760","#coronavirus update in #Afghanistan. New cases confirmed 677, new recovered 2. Total cases in Afghanistan confirmed 26310, recovered 5508, deaths 491. +2.64% daily cases increase, 677 reported today UTC time.","0"
"1221318944352542722","#coronarvirus Disinfectant now being sprayed throughout cities in Sichuan province @USER #coronavirus #wuhancoronavirus #sichuanprovince HTTPURL","0"
"1225053527380238337","Just saw this on Amazon: Professional Lysol IC Quaternary Disinfectant 4 Gallons HTTPURL  via @USER #ad #coronavirus #coronaoutbreak #wuhanflu #chinaflu #flu #corona #virus #CoronavirusOutbreak #coronaviruswuhan","0"
"1271806657606176768","#coronavirustruth #coronavirus #covid19 #coronavirusupdate #coronaviruslies 
Here's my latest article.

Let me know what you think!

What happens inside coronavirus hospitals

HTTPURL HTTPURL","0"
"1235525910964637696","#coronavirus 

1. Use common sense

2. Always have your hands clean. Sink too.

3.  Avoid going outside!
Lets try not to touch each other and avoid invading personal space.

4. Keep disinfectant on you, gloves, etc.

5.  If you are sick stay home.  Its not that important.","0"
"1266519723572817921","@USER @USER Why is he not being removed now? My God,  what does it take? 100,000+ dead, Covid cases rising, people starving, businesses closing, riots, cities burning. What does it take @USER ? @USER REMOVE @USER #BlackLivesMatters #GeorgeFloydprotest #coronavirus","0"
"1273046620297482245","#coronavirus update in #Israel. New cases confirmed 258, new recovered 34. Total cases in Israel confirmed 19495, recovered 15449, deaths 302. +1.34% daily cases increase, 258 reported today UTC time.","0"
"1236533571159863297","Went grocery shopping

A couple found an unopened box of disinfectant wipes

I hear hey! Hey you yeah you! I look at them, they say, do you need some wipes? we found some here

You know your in Canada when somebody offers to share the stash of wipes they found #coronavirus HTTPURL","0"
"1266520623150501891","In #Boston today taking an 89 year old to a hospital for an overdue post-op; impressed everyone on the streets seems to be taking #coronavirus seriously, even cyclists wearing masks. I would say that the face coverings rate is well over 90%,

#resist #VoteBlue #mepolitics #mapoli HTTPURL","0"
"1296316919016955905","In the news: Illinois tops 2000 coronavirus cases again, but Pritzker says 'game-changing' new U. of I. test offers ... HTTPURL #coronavirus #COVID19 #2019ncov","0"
"1273042676858961923","They argue the small businesses inside the mall are at an unfair advantage and are suffering from the long-term shutdown due to the #coronavirus pandemic. HTTPURL","0"
"1225585261817581569","@USER @USER If they have tanker trucks disinfecting the streets in Wuhan, I would suggest you do as they do and spray Lysol disinfectant spray over the goods you receive...jus saying! #coronavirus be proactive vs reactive! Buy masks and goggles because it’s probably just the beginning for us","0"
"1275770235518423041","Will #coronavirus kill #capitalism?

HTTPURL","0"
"1235749851633192960","Danilov is the guy who also advised #Ukrainians to drink vodka, eat garlic and pork meat in order to protect from getting #coronavirus. So, don't take his words seriously even about #Wuhan lab releasing #coronavirus into public. #Ukraine","1"
"1223094187886813184","Just saw this on Amazon: Diversey Virex All Purpose Disinfectant Cle... by Diversey for $24.31 HTTPURL via @USER #ad #coronavirus #coronaoutbreak #wuhanflu #chinaflu #flu #corona #virus","0"
"1220836542173728768","My optronic manufacturer is based in #Wuhan, the epicenter of the #coronavirus outbreak. Instructed my guys to wear gloves and masks and spray down this crate with disinfectant before opening. The virus can live for days on most surface... HTTPURL","0"
"1235327523044634624","Is using expired disinfectant wipes better than nothing? Or is it just spreading the mess?

#coronaVirus
-
#coronaVirusSeattle
-
#COVID19seattle @USER Alki, West Seattle HTTPURL","0"
"1225621496241868800","#coronavirus

Give me one good reason why the Chinese government would be spraying disinfectant throughout the city the only logical explanation is that the virus lives on surfaces for an extended period of time like the common cold","0"
"1273042805548613632","Texas reports 441 new cases bringing total confirmed cases there to 95,792 and 2,062 total deaths, with 4,412 new cases and 46 new deaths reported today.

#CoronaVirus #Covid19 #CoronaVirusOutbreak","0"
"1273046784265388035","#coronavirus update in #Jamaica. New cases confirmed 4, new recovered 10. Total cases in Jamaica confirmed 621, recovered 430, deaths 10. +0.65% daily cases increase, 4 reported today UTC time.","0"
"1233592452482813953","Schools in Beirut’s southern suburbs in #Lebanon are reportedly spraying children with disinfectant to prevent the spread of #COVID_19 #coronavirus. The World Health Organization @USER said that the method does not work to stop the disease from spreading.","0"
"1237855766519799810","No hand sanitizer, disinfectant wipes or rubbing alcohol at all the stores near me. I bought this stuff on my regular shopping trips every 2 weeks or so. Did people just not buy it until #COVID19 or are they just hoarding it?","0"
"1234628402684071941","Why is the Canadian gov asking us to stay calm and treat #COVID19 as a flu when the rest of the world is either spraying disinfectant on the GROUNDS or getting their people tested in drive through. What do they know that we dont? 
#COVID19 #CoronaOutbreak #coronavirus NEED ANSWER","0"
"1262996221473558535","@USER @USER @USER dont make the scientists the scapegoats, they have a role, but it's clear they're not the decision makers &amp; are being used #Covid19UK #coronavirus","0"
"1236021915288035329","Diversey Avert Sporicidal Disinfectant Cleaner (32-Ounce, 12-Pack) HTTPURL ad #coronavirus #corona #virus #CoronavirusOutbreak #COVID2019 #wuhanvirus #CoronavirusUSA #pandemic #SARSCoV2 #china #wuhan #flu #Covid_19 #CoronaOutbreak #COVID19","0"
"1234508766474838017","There Is No Face Mask and Disinfectant in Iran’s Capital Tehran 

HTTPURL via @USER

#Iran #Cairo #US #Lebanon #NYC #Iraq #C4News #MSNBC #Medical #Medicine #FoxNews #Coronavirus #COVID2019","0"
"1238041553739722752","You can use bleach or sodium hypochlorite as a disinfectant to clean surfaces. It's cheap and effective. 

Solution:
5 tbsps of bleach to 1gallon of tap water. Use in 24 hours. Store in a cool place and out of reach of children.

Use gloves and face mask
#covid19","0"
"1238843338926616577","@USER Got here in the lodge at 8:00am. The table tops have not been cleaned from yesterday yet! So much for you #coronavirus containment strategy! Really didn’t think I needed to bring my own Disinfectant wipes?","0"
"1247854915088678912","Affordable High Grade 70% alcohol based Hand Sanitiser Gel

[ HTTPURL ]  [ £2.99 each - or save over 10% on more ]

The soothing gel kills up to 99.9% of bacteria and viruses at home or on the go. 

#StayAtHome #StayHomeStaySafe #COVID19 #handsanitiser HTTPURL","1"
"1235449342346944517","Chinese factories operators are buying face masks by the thousands and jugs of disinfectant to protect workers from #coronavirus as production and output resumes across China’s southeastern factory belt. #CoronavirusOutbreak @USER @USER 
HTTPURL","0"
"1266524079189827585","Starting next week I will be streaming Mondays, Wednesdays, and Fridays and making videos Tuesdays, Thursdays, and Saturdays.
#streamer #YouTuber #twitch #coronavirus","0"
"1273046381503164416","Forget #dexamethasone the real winner is #galidesivir Already has cured zika....where are the reports? Where is the emergency auth for #coronavirus ? #avigan in mild and moderate cases works too! @USER @USER are failing everyone for big profit for new drugs from #BigPharma","0"
"1233645297965948928","@USER I think there will be a LOT of cleaning any new Apple or Samsung cell phones.. with #Purell, Disinfectant wipes, etc.. given they're both manufactured in the #hotzone (China/SKorea) ;-)  &amp; Studies have shown certain surfaces to harbor the #coronavirus for weeks.","0"
"1228409300638470147","Just saw this on Amazon: Clorox Healthcare 044600314266 Hydrogen Peroxide Cleaner Disinfectant Wipes, 50 Wipes HTTPURL  #ad #coronavirus #coronaoutbreak #wuhanflu #chinaflu #flu #virus #CoronavirusOutbreak #coronaviruswuhan #2019nCoV #COVID19","0"
"1231773745871818758","DETTOL All in One Disinfectant Spray, Lemon Breeze Scent - 400 ml Bottle (Pack of 4) HTTPURL #ad #coronavirus #coronaoutbreak #wuhanflu #chinaflu #flu #virus #CoronavirusOutbreak #coronaviruswuhan #2019nCoV #COVID19 #CoronavirusUSA #pandemic #wuhan #china","0"
"1236846544600600577","Clorox Healthcare Fuzion Cleaner Disinfectant Spray, 32 Ounces (Pack of 9) HTTPURL ad #coronavirus #CoronavirusOutbreak #COVID2019 #wuhanvirus #CoronavirusUSA #pandemic #SARSCoV2 #china #wuhan #flu #CoronaOutbreak #COVID19","0"
"1236115355006885888","Clorox Clean-Up Disinfectant Cleaner with Bleach HTTPURL ad #coronavirus #corona #virus #CoronavirusOutbreak #COVID2019 #wuhanvirus #CoronavirusUSA #pandemic #SARSCoV2 #china #wuhan #flu #Covid_19 #CoronaOutbreak #COVID19","0"
"1273045295383838732","#Digital #sanitiser using #UV light kills #coronavirus, scientists claim  HTTPURL via @USER #ultraviolet","0"
"1245941776562585600","Take the orange peel baths. Vitamin C exposes hidden contagion! #coronavirus","1"
"1266520276709380098","#coronavirus update in #Austria. New cases confirmed 27, new recovered 61. Total cases in Austria confirmed 16655, recovered 15347, deaths 668. +0.16% daily cases increase, 27 reported today UTC time.","0"
"1234548527520526341","Clorox Healthcare Citrace Hospital Disinfectant &amp; Deodorizer, Citrus, 14 Ounces HTTPURL ad #coronavirus #corona #virus #CoronavirusOutbreak #COVID2019 #wuhanvirus #CoronavirusUSA #pandemic #COVIDー19 #COVID19US #Coronavid19 #SARSCoV2 #china #wuhan #flu","0"
"1255157480839094272","I am debuting my new #coronavirus diet. It's really easy you eat gummy bears and drink vodka....

That's it! 
Ingredients below.
Follow for more tips. HTTPURL","0"
"1247816458069061632","Why 70 Percent Alcohol Can Disinfect Better Than 91 Percent, According to a Microbiologist HTTPURL @USER @USER #COVID19 #Covid_19 #coronavirus #coronapocolypse #StayAtHome","0"
"1273045645184688128","#coronavirus update in #Estonia. New cases confirmed 1, new recovered 11. Total cases in Estonia confirmed 1975, recovered 1728, deaths 69. +0.05% daily cases increase, 1 reported today UTC time.","0"
"1290750619850952704","In the news: 3600 new coronavirus cases reported, months of testing backlog partly to blame HTTPURL #coronavirus #COVID19 #2019ncov","0"
"1296454326085443586","In the news: Germany, Spain record highest daily coronavirus infection rate since April as cases surge across ... HTTPURL #coronavirus #COVID19 #2019ncov","0"
"1278348436488634368","#Covid-19: Foods beneficial for the #lungs.
Regular consumption of #turmeric relieves respiratory complications. (#foodshighinfiber) It contains curcumin which cleans the lungs  naturally and removes #toxins from the body and enhances immunity. HTTPURL HTTPURL","1"
"1229776398828670978","Imagine seeing this in the lift, residents will hunker down for quarantine as a daily disinfectant aerosol is sprayed throughout 
#coronavirus COVID19 nCoV2019 

 HTTPURL
#TuesdayThoughts","0"
"1273046579906297857","California reports 3 new cases bringing total confirmed cases there to 158,981 and 5,204 total deaths, with 3,380 new cases and 85 new deaths reported today.

#CoronaVirus #Covid19 #CoronaVirusOutbreak","0"
"1235099494389133312","Vending machines dispensing items like antibacterial sprays and disinfectant wipes are beefing up #Taiwan government efforts to protect public health in the face of the global #Coronavirus outbreak first reported in the Chinese city of #Wuhan last year. (:camera_with_flash: via OK Mart Co. Ltd.) HTTPURL","0"
"1280321346170318848","Date: 06-07-2020, Bangalore
Confirmed Cases:10561
Active Cases:8860
New Cases:981
Recovered:278
Recover Rate:14.64%
#covid19Bangalore #Corona #COVID19updates HTTPURL","0"
"1232807347711463424","Members of the civil defense team walk before spraying disinfectant to sanitize the area near the house of people with detected #coronavirus, in Kirkuk, Iraq. Ako Rasheed, Reuters #COVID19 HTTPURL","0"
"1234912920300949505","Went to buy some disinfectant spray and wipes yesterday, but apparently I was late. #coronavirus #coronaviruswashington HTTPURL","0"
"1245263563746422785","It's frigging hot in Karachi, will it make a difference to the rate of transmission o #Covid_19?","0"
"1226916928494690305","LYSOL Brand 94122 Lysol Max Cover Disinfectant Mist, Garden After Rain Scent, 15 oz. Volume (Pack of 12) HTTPURL #ad #coronavirus #coronaoutbreak #wuhanflu #chinaflu #flu #corona #virus #CoronavirusOutbreak #coronaviruswuhan","0"
"1273045397464928256","#coronavirus update in #Djibouti. New cases confirmed 38, new recovered 141. Total cases in Djibouti confirmed 4539, recovered 3324, deaths 43. +0.84% daily cases increase, 38 reported today UTC time.","0"
"1290796799750320128","In the news: New coronavirus cases in Alabama dip below 1000; state passes 90000 mark HTTPURL #coronavirus #COVID19 #2019ncov","0"
"1266519715314192384","@USER Tracking #COVID19 cases in California, Oregon, #Washington, Arizona, Nevada, and New York. Updated 29-May-2020 by @USER Check states here: HTTPURL #coronavirus HTTPURL","0"
"1237526657088385025","#Hysteria: PARENTS WEAR GARBAGE BAGS, SPRAY STUDENTS WITH DISINFECTANT AFTER #coronavirus SCARE.
Parents say they’ve been given no information after school employee quarantined.
HTTPURL
#COVID19US #nCov2019 #CoronaVirusUSA #CoronaUSA #Corona","0"
"1235934552884998147","Disinfectant wipes are gone where I shop. #Coronavirus HTTPURL","0"
"1232346411427155973","Iranian military forces join hands to contain #Coronavirus  #Covid_19 COVID-19 
The military factory has been ordered to produce 20,000 liters of disinfectant fluid every day and supply it to the general public.  #Iran 
HTTPURL","0"
"1231427849950814208","Hundreds Of Animals Drop Dead In #China After Being Poisoned By Virus Disinfectant

HTTPURL

#BreakingNews #Coronavirus #CoronavirusOutbreak #COVID19 #Collapse #Health","0"
"1273045859123552258","#coronavirus update in #Eswatini. New cases confirmed 14, new recovered 10. Total cases in Eswatini confirmed 520, recovered 259, deaths 4. +2.77% daily cases increase, 14 reported today UTC time.","0"
"1283502998132420608","@USER @USER is using the Saline hatchery and installing infrastructure for mussel rearing.  #COVID interfering with that too.","0"
"1282469112166277120","For those of you screaming at others to “stay home”. You’re the paranoid ones, so take your own advice and YOU stay home! We will live our lives even if you choose not to.
#LIVE #COVID19 #CoronavirusPandemic #CoronaVirus #China #ChinaVirus #WearAMask #COVID #CoronavirusOutbreak","0"
"1234912558433234944","It is recommended to avoid crowded places in times of #coronavirus, but I feel like this is the safest time to visit theatres, stores, and restaurants as far as they are cleaned daily with disinfectant sprays. It's also important to encourage small businesses!","0"
"1233025253678473216",":warning: PRODUCT ALERT :warning:
Have you see our Allied Sanisafe Hand &amp; Surface Disinfectant Wet Wipes?
They offer protection from bacteria, viruses and fungi including #Coronavirus strains. FIND OUT MORE in our blog:
HTTPURL HTTPURL","0"
"1251829156788219905","Using a solution continuously to clean your nose does not protect you from infection with the #new_coronavirus #COVID_19 :microbe:","1"
"1260934873897766913","Dear @USER IMO your #incompetence and #mismanagement of #coronavirus outbreak makes you chances for re-election DOA, using your term. #WorstPresidentInHistory #84000Deceased #36MillionUnemployed #TrumpGenocide","0"
"1282465764570796032","@USER Stealing makes them thieves @USER that’s why @USER sent tons of food to NJ and NYC food banks ever since the #Covid pandemic started..maybe we should blame you for them not eating","0"
"1228114706415734789","Check out this Amazon deal: Lysol ssss Disinfectant Spray, Crisp Linen, 19 Ounce (Pack of 4), Blue, 76 Ounce HTTPURL #ad #coronavirus #coronaoutbreak #wuhanflu #chinaflu #flu #virus #CoronavirusOutbreak #coronaviruswuhan #2019nCoV #COVID19","0"
"1249236365155405824","Covid-19 ‘immunity certificates’: practical and ethical conundrums. ""No one knows whether #COVID infection confers immunity or, if it does, how strong immunity is and for how long it lasts. Information missing, cannot get it soon...""  HTTPURL via @USER","0"
"1238262666768134145","@USER With schools still open and supplies of hand sanitizer and disinfectant wipes running on low how can Santa Clara county or the state in general get these needed materials to ALL CLASSROOMS. This burden should not fall on the teacher nor the parents. #CoronavirusPandemic #Covid_19","0"
"1248235223889989632","I have to slow down on the #vodka

#CoronaVirusUpdate","0"
"1235935859138007040","Micro-Scientific Opti-Cide3 Healthcare Grade Disinfectant Cleaner and Sanitizer Solution HTTPURL ad #coronavirus #corona #virus #CoronavirusOutbreak #COVID2019 #wuhanvirus #CoronavirusUSA #pandemic #COVIDー19 #Coronavid19 #SARSCoV2 #flu #CoronaOutbreak #COVID19","0"
"1239177220683378689","My recent work for Anadolu Agency : #covid-19

PALEMBANG, INDONESIA - MARCH 15 : An officer wearing a protective suits sprays disinfectant as a precaution against the coronavirus (Covid-19) at Sultan Mahmud Badaruddin II Airport in Palembang, Indonesia on…HTTPURL","0"
"1232781837552029696","Face masks :white_heavy_check_mark: hand gel :white_heavy_check_mark: hand wash :white_heavy_check_mark: disinfectant :white_heavy_check_mark: enough food and water for a month :white_heavy_check_mark: Give it another week and it’s everywhere. Ready as can be. #CoronavirusOutbreak #COVIDー19 #coronavirus","0"
"1233600404421779456","@USER PSA disinfectant wipes do not kill #coronavirus check label the * by 99.9
***HUMAN CORONAVIRUS'S NOT EFFECTIVE FOR #COVID19US 

I was shocked too. American chemistry has list of what does","0"
"1247202809147244545","@USER @USER  vowed to #MakeAmericaGreatAgain but our federal response to the #coronavirus is proof that he's failed.","0"
"1235092983973699584","visited six stores in sydney and behold shelves stripped bare of stock. Fear is a virus as well. Toilet paper, disinfectant wipes, flour/sugar/cans/pasta and now bottled water is starting to dwindle. panic extending to rural areas as well #coronavirus #coronavirusaustralia HTTPURL","0"
"1277201223914065920","Global COVID Update: South Korea still coping with new virus clusters
#GlobalResponse
#Europe
#China
#Infections
#Britain
#CDC
#LatinAmerica
#COVID19
#VirusCrisis
#UnitedStates
#DrFauci
#Wuhan
#Travel
#Pandemic 
#NIH
#WHO
#2ndWave
#Texas
#Arizona 
HTTPURL","0"
"1264137394921627650","#Coronavirus won't kill #globalisation – but a shakeup is inevitable. 
HTTPURL  @USER #SCM","0"
"1231990955609395200","Clorox Broad Spectrum Quaternary Disinfectant Cleaner Spray, 32 Ounces HTTPURL #ad #coronavirus #coronaoutbreak #wuhanflu #chinaflu #flu #virus #CoronavirusOutbreak #coronaviruswuhan #2019nCoV #COVID19 #CoronavirusUSA #pandemic #wuhan #china","0"
"1230530291711856640","Check out this Amazon deal: Lysol Disinfectant Spray, Crisp Linen, 38 Ounce by Lysol HTTPURL #ad #coronavirus #coronaoutbreak #wuhanflu #chinaflu #flu #virus #CoronavirusOutbreak #coronaviruswuhan #2019nCoV #COVID19 #wuhan #china #outbreak","0"
"1231676710569041922","China blaming #Coronavirus disinfectant spray for its mass animal die offs (not #5G) but says the toxic fog is perfectly safe for humans if you want them to die.","0"
"1229801157910040581","What is in that disinfectant spray they are using in the photo?  Former FDA Commissioner: Japan on the ‘Cusp’ of a Large Coronavirus Outbreak HTTPURL via @USER #coronavirus #Japan #china #coronaoutbreak","0"
"1257851720731750401","Against #Virus Hand hygiene is a key priority.
Awa-O3 faucet delivers Ozonated water with extremely strong disinfectant action. 
 #handhygiene
 #AwaO3 #AwaFaucet #healthcare @USER
#hygiene #covidsafe  #COVIDー19  #coronavirus #2019nCoV @USER #SafeHandsChallenge #SafeHands HTTPURL","1"
"1233430506819244037","Disinfectant gel is no longer available in #TheNetherlands.

This is the result of panic buying, which COULD have been averted if governmental health organizations like the #RIVM would have been honest - or clearer - about the #coronavirus gaining a foothold in the country.","0"
"1224044814909366272","Just saw this on Amazon: Contec Sporicidin Disinfectant Solution - 1... by Sporicidin for $34.97 HTTPURL   via @USER #ad #coronavirus #coronaoutbreak #wuhanflu #chinaflu #flu #corona #virus #CoV2019 #CoronavirusOutbreak #coronaviruswuhan","0"
"1282468824047124481","@USER Might wanna talk with your Mason Ohio location, they aren't wiping tables down at all now. Too busy hanging with their buddies than keeping people safe.
 #COVID #Sanitation","0"
"1221224796177993728","thing to stock up on: face masks,  disinfectant soap, hand sanitizer, rubber disposable gloves, canned food, dried food, bottled water

stay away from crowds

 #coronavirus","0"
"1225575819797520384","@USER @USER How can Dr. Davis have answers when nobody else has answers? Why have tanker trucks spraying disinfectant in a empty city? What kind of a virus is this? Could this be a “new” Bio weapon? Gov Knows sum we don’t cuz their actions speaks louder than words #coronavirus #commonsense:folded_hands_medium-light_skin_tone:","0"
"1224082047502733312","@USER I think you need disinfectant spray... #coronavirus making you stupid..","0"
"1257115707684225025","Time to think ahead of #lockdown going forward to ensure a hand over rising #Corona cases in weekend due to rise in tests done.

Restrict #hotspot by affected area only rather taking whole city hostile may help to reopen economy.

Need a break from political opportunists at least","0"
"1227310442093125632","100s of trucks dispatched on roads of #China spraying disinfectant to fight against #Coronavirus

#Coronavirustruth #ChinaVirus #CoronaOutbreak #CoronavirusOutbreak #coronaviruswuhan #coronavirusupdate #WuhanCoronavirus #WuhanVirus #WuhanLockDown HTTPURL","0"
"1273046450012913664","Ohio businesses have received $18.15 billion through both rounds of the Paycheck Protection Program, the Small Business Administration announced Monday. #PPP #Coronavirus #Business #Ohio #SmallBusiness #BusinessNews HTTPURL HTTPURL","0"
"1223098988301176832","Just saw this on Amazon: Lysol To Go Disinfectant Spray, Crisp Linen... by Lysol for $12.04 HTTPURL via @USER #ad #coronavirus #coronaoutbreak #wuhanflu #chinaflu #flu #corona #virus","0"
"1223242967860662273","Dettol CAN'T kill the deadly Wuhan #CoronaVirus that has finally reached the UK - but scientists admit the disinfectant spray DOES work against other strains after bogus #ConspiracyTheories flood #SocialMedia
HTTPURL
#CoronaVirusOutbreak #News #CoronaVirusUK","0"
"1266520001693069313","#coronavirus update in #Albania. New cases confirmed 23, new recovered 28. Total cases in Albania confirmed 1099, recovered 851, deaths 33. +2.14% daily cases increase, 23 reported today UTC time.","0"
"1231511411127472128","#ConspiracyTheorists take note: The #coronavirus designated as 2019-nCoV first appeared in Wuhan, China in late December 2019. So how come this popular US disinfectant includes it on its label? HTTPURL","0"
"1265159213862596608","#MythBusters:pushpin:
 
:round_pushpin:Myth: Does eating garlic help prevent #Coronavirus:question_mark::question_mark::question_mark:

:play_button:Fact: There is no scientific evidence to prove that eating garlic helps in preventing the spread of #COVID19. 

#StayHome 

Via @USER 

@USER HTTPURL","1"
"1226202645142044673","China spraying disinfectant gas &amp; chemicals all over. This paints a different picture then China has it all under control. Very danger condition over 700 deaths, we are now approaching deadly levels than SARS. #Coronavirus #CoronavirusOutbreak #WuhanVirus HTTPURL","0"
"1234569422871957508","#CoronaOutbreak Can anyone explain why news reports from Iran and South Korea show the authorities spraying the roads with disinfectant if the disease is only transmitted from human to human?","0"
"1293254007599902725","29 myth busting #covid19 facts from the @USER (so we don't get fooled again!) For instance: Eating garlic does NOT prevent COVID-19.

 #immunizeUSA #VaccinesWork #VaccinesSaveLives #VaxTexas 

HTTPURL","1"
"1282473553988734976","when you work with a software called #COVIDENCE and your start referring to it as #COVID in your emails 

2020 be like","0"
"1292739251302354950","#COVID19 does not even spare alcoholics. 

So, bust this myth and stop consuming alcohol to safeguard yourself from #Coronavirus. 

Better be at home and take precautionary measures to fight against #CoronavirusPandemic.  @USER @USER @USER @USER HTTPURL","1"
"1292579020153008130","Bean burrito (soft taco) and King Ranch chicken taco soup.
#eating #eat #food #foodie #gettingthere #ratemyfood #covid #covidcooking HTTPURL","0"
"1227161284984045568","Trucks used to spray disinfectant have been patrolling the streets of #Wuhan since Sunday. Local authorities are scheduling these trucks in the city twice a day to contain the spread of the virus. #coronavirus #China HTTPURL","0"
"1296316921139195904","In the news: LA County finally seeing declines in Latino, Black coronavirus infection rates HTTPURL #coronavirus #COVID19 #2019ncov","0"
"1232534891415396354","#Coronavirus That was... wash your hands with disinfectant soap when you get home!  I was going to say use bottled disinfectants when you are out if you happen to shake somebody’s hand, or handle things that were handled by others. Then wash your hands when you get back home...","0"
"1234391246808002562","2 annual quantities of disinfectant sold in one week.
""The pharmacies in North Rhine-Westphalia sold as much disinfectant last week as they usually did in two years"" - Rheinische Post

#COVID19 #COVID2019 #CoronaVirusDE #Coronavirus #nCov2019 #nCov19 #Germany #COVID","0"
"1282466175507746816","@USER @USER I challenge you to use this graphic on air and walk the audience through it. Its pathetic that a moron like myself can make better graphics than the useless crap you put on air normally.  1 in 1500 per capita new cases per day matters. #covid #heatmap #fauci HTTPURL","0"
"1286922690276753410","#Covid_19 got me eat my fruit salad with ginger ,turmeric and pepper :loudly_crying_face::loudly_crying_face::loudly_crying_face::flushed_face::flushed_face:","1"
"1246199949513162752","@USER If #CoronavirusOutbreak don't kill you, @USER WILL","0"
"1234899789550104580","Tesla stock is holding up fairly well among #coronavirus . @USER with that sai, I believe sanitize mode is a cant miss new feature. UV light and a disco ball that sprays disinfectant .","0"
"1237453659803394048","Good number of people on my flight wearing masks and rubber gloves. They are also wiping down their seats with disinfectant wipes #CoronavirusOutbreak #CoronaVirusUpdate #COVID19 #coronavirus","0"
"1238892182913703936","Has your city commenced disinfectant spray operations? #COVID19toronto #COVIDー19 #coronaUK #coronavirus #DISINFECTYOURSURROUNDINGS #Disinfection #Montreal #Toronto #Ottawa #Canada #USA #NYC #LA #california #miami #Europe #UK #Greece #StaySafe HTTPURL","0"
"1236285325078601728","#Panic shoppers line up around the block for hours amid #coronavirus fears as stores are forced to tighten rationing of disinfectant wipes and toilet paper (54 photos)  HTTPURL","0"
"1249727977320935424","Myth Buster

#stayhome #staysafe #awareness #pmofindia #India #mumbai #indiafightscorona #corona #myth #facts HTTPURL","0"
"1266524177105850368","@USER @USER @USER @USER 
For all those suffering from #COVID19 and the #fear of the #coronavirus, I'd like to see the start of #healing for those #individuals. Please #Lord touch them in a way that makes them feel better and stronger. #PrayForHumanity HTTPURL HTTPURL","0"
"1254055219266109440","WHO also saids that no evidence to proof #Coronavirus have human to humans transmission :face_with_rolling_eyes:","0"
"1271719079032700929","Stay home stay safe

We provide the best academic assignment help online

Contact us
+91759770530(Whatsapp)
Email - help@USER

#COVID19 #UKLockdownNow #ukcoronavirus #CoronaAlert #assignment #AssignmentHelp  #preventcorona #coronavirus  #CoronaVirusUpdate HTTPURL","0"
"1266520483329183750","#coronavirus update in #Bahamas. New cases confirmed 1, new recovered 1. Total cases in Bahamas confirmed 101, recovered 47, deaths 11. +1.00% daily cases increase, 1 reported today UTC time.","0"
"1280316138363056129","Help me get this new design published on shirts!
Vote and RT!

Vote here (click I'd Want One):  HTTPURL

#virus #COVID-19 #covid19 #CoronaVirusUpdates #coronavirus #Corona #mask #masks #WearAMask #maskup #MaskUpMichigan #MaskUpTexas #MaskUpAZ #bmovies #horror #f4f HTTPURL","0"
"1225967987485741057","Just saw this on Amazon: Lysol To Go Disinfectant Spray, Crisp Linen, Travel Size - 1 oz (Pack of 4) HTTPURL #ad #coronavirus #coronaoutbreak #wuhanflu #chinaflu #flu #corona #virus #CoronavirusOutbreak #coronaviruswuhan","0"
"1237545126278258703","#Corona

All graphics taken from World Health Organization.
HTTPURL

FACTS:
1. It can be transmitted in areas with hot and humid climates
2. Cold weather and snow CANNOT kill the new coronavirus.
3. Taking a hot bath does not prevent the new coronavirus disease HTTPURL","0"
"1247436494282936322","EAT FRUIT AND VEGETABLES THEY ARE NATURAL PROBIOTICS YOU ARE SUPPOSED TO EAT THEM WHEN YOU TAKE ANTIBIOTICS DO NOT KILL OFF YOUR GOOD BACTERIA TOO #COVID19 #corona  #HealTheWorld2020","1"
"1277499926146985986","Follow a diet with vitamin-rich fruits and vegetables, and the one that involves ingredients such as ginger, turmeric, milk, etc. Prevent yourself today with a strong immunity, for a healthier tomorrow.
#coronavirus #healthcare #voltadiagnostics","1"
"1223780574524919808","Just saw this on Amazon: Sporicidin Disinfectant Towelettes in pop-u... by Contec for $22.50 HTTPURL  via @USER #ad #coronavirus #coronaoutbreak #wuhanflu #chinaflu #flu #corona #virus #CoV2019 #CoronavirusOutbreak #coronaviruswuhan","0"
"1271841183149383680","#BREAKING #UPDATE
#CoronaVirusUpdate #Covid19
#PakistanFightsCorona

The perfect way to kill #coronavirus has bn found

‘If You Sleep, The Virus Sleeps;
if You Die, The Virus Dies’

So, The Folks in #Pakistan r being advised To Die in order To kill #corona
HTTPURL","0"
"1232392461659578369","Chinese robot sprays disinfectant to fight spread of #COVID19 #coronavirus
HTTPURL","0"
"1224719675902189568","I have never seen my hometown like this:crying_face::crying_face:Tonight, the city conducts full-scale disinfectant to contain #CoronavirusOutbreak, Yichang has recorded so far more than 400 confirmed cases as of Tuesday. The city is 400 kilometers away from #Wuhan. #2019_nCov HTTPURL","0"
"1237217499642503170","Parents: Buying every hand sanitizer and disinfectant bottle they can find in stores.
Kids: :backhand_index_pointing_down_medium-light_skin_tone::backhand_index_pointing_down_medium-light_skin_tone:

#coronavirus #CoronavirusUSA HTTPURL","0"
"1280796057358807041","To fight #corona Drink #kadha Its quit essential drink these times and help to boost your #immunity. 
Ingredients
1l water
Basil leaves
Cinnamon
Ginger
Black pepper
Mulathi
Cloves
Honey
Boiled with all the ingredients in 1l water till the 1/2 l water.Serve hot with 1 tsp of honey HTTPURL","1"
"1270743595151212544","Enjoy with Lime's #smart_sterilization solutions, to get completely #protected
Using #HygiPlus the best #safe sterilizers approved by the British sterilization laboratories  
Kills 99.9% of germs
effective against #coronavirus(COVID-19).
enjoy smart #sterilization_technology HTTPURL","0"
"1235226587236315138","4. Use disinfectant wipes at the stores when they are available, including wiping the handle and child seat in grocery carts. (5/n) #coronavirus","0"
"1237464071672410112","#Poland's Orlen oil company is to produce a million litres of disinfectant to help halt the spread of the #coronavirus.

HTTPURL","0"
"1221073913339203585","Spanish Flu 1918 the flu snuck in on mail and package delivery. Protip use Lysol or some disinfectant to spray mail and packages, wash anything delivered to the home eat cooked foods. Wash your hands. Don't touch your mouth or eyes. #CoronavirusOutbreak 
HTTPURL","0"
"1273042748841627649","New COVID-19 Data at 2020-06-16 08:00:00 pm EDT #Coronavirus #COVID19 HTTPURL","0"
"1235975339286892550","Today i had a #DearCustomer thank me for helping her yesterday with finding hand wipes. We are still very limited with hand wipes, disinfectant wipes, sanitizers. What few that came in they were gone within minutes. 
#CoronaVirus 
#RetailLife","0"
"1248109051428380672","Witch Hazel to clean hands for immunity (Not Vodka) - Part 3 - Full Video - HTTPURL  

#VirusCorona #VirusChina #virus #coronavirus #CoronavirusPandemic #CoronavirusUSA #CoronaVirusUpdate #handsanitizer #handsanitizers #WashYourHands #WashToCare #vitamins #herbs HTTPURL","1"
"1237859574398324736","Is there data showing hydroclorous acid is an effective surface disinfectant for #Corona #COVID19 #WuhanCoronavirus  ?","0"
"1237253541892251648","@USER #CoronaVirusitaly #coronavirusitalIa #COVID #COVID19italia #COVID2019 #COVID19 #Covid_19 #virus
EAT GARLIC The Active Compounds in Garlic Can Reduce Blood Pressure
EAT GINGER, Fresh ginger may also be effective against the RSV virus, a common cause of respiratory infections","1"
"1224603612619341826","There's no evidence garlic and rinsing of nose with saline can prevent coronavirus - WHO #coronavirus HTTPURL","1"
"1234449949259182083","Imagine seeing this in the lift, residents will hunker down for quarantine as a daily disinfectant aerosol is sprayed throughout 
#coronavirus COVID19 nCoV2019 

 HTTPURL 01
#MondayMotivation","0"
"1223281913235898369","Check out this Amazon deal: PURELL Healthcare Surface Disinfectant Spray,... by Purell HTTPURL  via @USER #ad #coronavirus #coronaoutbreak #wuhanflu #chinaflu #flu #corona #virus #CoV2019 #CoronavirusOutbreak #coronaviruswuhan","0"
"1252619075462840320","Go to slide 4, sunlight kills coronavirus quickly... #COVID
HTTPURL","1"
"1237867965007056897","#CoronaOutbreak: The #coronavirus survives for hours or days on surfaces. If it behaves like the flu, it can survive for weeks on metal, ceramics and plastics. 

Things like doorknobs, tables, or elevator buttons can be infection vectors.

Use disinfectant spray. #COVID19","0"
"1291626208459755521","For #CORONA - Alcohol
For Economy - Alcohol
For Happiness - Alcohol 
For sadness - Alcohol
For Medicine - Alcohol
For Vote -  Alcohol

Dear God , did we mistaken to identity the real 
""AMRIT"" (अमृत) :thinking_face: on earth

#GoodMorningFriday 
#fridaymorning #FridayVibes 
#RabindranathTagore","0"
"1248171777941012481","A short story...
#waterandfoodfirst #coronavirus #coronaviruskenya #WorkFromHome #WashYourHandsChallenge #WashYourHands #UhuruSuspendRents #SingleMenChallenge #covid19kenya @USER @USER HTTPURL","0"
"1238225321473818625","My store has decided to stop restocking disinfectant items because people can't be civil. We carry bleach and dish soap. Those are the options.

Also, toilet paper is sold out within 30 minutes of opening and between less than 5 customers.

#CoronaOutbreak #everbodysucks","0"
"1287880478117072896","As long there's no #COVID19 or #coronavirus vaccine, the carousel of infections won't stop.. never.. untill eternity. There's no agenda for 'long lasting immunity' or 'herd immunity' against a virus.
Be sane and keep safe.
#KeepDistance
#WashHands 
HTTPURL HTTPURL","0"
"1290303824343650305","Flies don't spread #Covid19; neither do shoes. Hot baths don't protect against it; neither does eating hot peppers or garlic. Rinsing your nose with saline won't prevent infection. @USER is trying to dispel the truly weird myths surrounding Covid. HTTPURL","1"
"1261878810225623048","I have not heard any pastor or Imam advertising spiritual  healing for #Covid19. I guess we are all respecting ourselves.","0"
"1228053714046341121","@USER Video of trucks spraying disinfectant on the streets, out of China isn't comforting. Seems like there is something going on? #CoronavirusOutbreak","0"
"1238141440255016960","Hand disinfectant gel
Made in Turkey
Feel free to contact
#Covid_19 #Corona #gel #disinfectant HTTPURL","0"
"1236415894894424067","Solution to our global pandemic! 

But then we’d need a disinfectant spray room or someone to spay us down to get out of this bubble. :-)

#coronavirus HTTPURL","0"
"1294490002848509952","@USER No, only actual Russian vodka will prevent #Covid_19 :face_with_rolling_eyes:","1"
